<?xml version="1.0" encoding="UTF-8"?>
<!DOCTYPE mapper PUBLIC "-//mybatis.org//DTD Mapper 3.0//EN" "http://mybatis.org/dtd/mybatis-3-mapper.dtd">
<mapper namespace="com.jihelife.mapper.SysParameterMapper">
  <resultMap id="BaseResultMap" type="com.jihelife.pojo.SysParameter">
    <!--
      WARNING - @mbggenerated
      This element is automatically generated by MyBatis Generator, do not modify.
      This element was generated on Fri Dec 18 10:06:27 GMT+08:00 2015.
    -->
    <id column="param_key" jdbcType="VARCHAR" property="paramKey" />
    <result column="param_value" jdbcType="VARCHAR" property="paramValue" />
    <result column="description" jdbcType="VARCHAR" property="description" />
    <result column="param_type" jdbcType="CHAR" property="paramType" />
    <result column="update_time" jdbcType="TIMESTAMP" property="updateTime" />
    <result column="create_time" jdbcType="TIMESTAMP" property="createTime" />
  </resultMap>
  <sql id="Example_Where_Clause">
    <!--
      WARNING - @mbggenerated
      This element is automatically generated by MyBatis Generator, do not modify.
      This element was generated on Fri Dec 18 10:06:27 GMT+08:00 2015.
    -->
    <where>
      <foreach collection="oredCriteria" item="criteria" separator="or">
        <if test="criteria.valid">
          <trim prefix="(" prefixOverrides="and" suffix=")">
            <foreach collection="criteria.criteria" item="criterion">
              <choose>
                <when test="criterion.noValue">
                  and ${criterion.condition}
                </when>
                <when test="criterion.singleValue">
                  and ${criterion.condition} #{criterion.value}
                </when>
                <when test="criterion.betweenValue">
                  and ${criterion.condition} #{criterion.value} and #{criterion.secondValue}
                </when>
                <when test="criterion.listValue">
                  and ${criterion.condition}
                  <foreach close=")" collection="criterion.value" item="listItem" open="(" separator=",">
                    #{listItem}
                  </foreach>
                </when>
              </choose>
            </foreach>
          </trim>
        </if>
      </foreach>
    </where>
  </sql>
  <sql id="Update_By_Example_Where_Clause">
    <!--
      WARNING - @mbggenerated
      This element is automatically generated by MyBatis Generator, do not modify.
      This element was generated on Fri Dec 18 10:06:27 GMT+08:00 2015.
    -->
    <where>
      <foreach collection="example.oredCriteria" item="criteria" separator="or">
        <if test="criteria.valid">
          <trim prefix="(" prefixOverrides="and" suffix=")">
            <foreach collection="criteria.criteria" item="criterion">
              <choose>
                <when test="criterion.noValue">
                  and ${criterion.condition}
                </when>
                <when test="criterion.singleValue">
                  and ${criterion.condition} #{criterion.value}
                </when>
                <when test="criterion.betweenValue">
                  and ${criterion.condition} #{criterion.value} and #{criterion.secondValue}
                </when>
                <when test="criterion.listValue">
                  and ${criterion.condition}
                  <foreach close=")" collection="criterion.value" item="listItem" open="(" separator=",">
                    #{listItem}
                  </foreach>
                </when>
              </choose>
            </foreach>
          </trim>
        </if>
      </foreach>
    </where>
  </sql>
  <sql id="Base_Column_List">
    <!--
      WARNING - @mbggenerated
      This element is automatically generated by MyBatis Generator, do not modify.
      This element was generated on Fri Dec 18 10:06:27 GMT+08:00 2015.
    -->
    param_key, param_value, description, param_type, update_time, create_time
  </sql>
  <select id="selectByExample" parameterType="com.jihelife.pojo.SysParameterExample" resultMap="BaseResultMap">
    <!--
      WARNING - @mbggenerated
      This element is automatically generated by MyBatis Generator, do not modify.
      This element was generated on Fri Dec 18 10:06:27 GMT+08:00 2015.
    -->
    select
    <if test="distinct">
      distinct
    </if>
    'true' as QUERYID,
    <include refid="Base_Column_List" />
    from sys_parameters_v12
    <if test="_parameter != null">
      <include refid="Example_Where_Clause" />
    </if>
    <if test="orderByClause != null">
      order by ${orderByClause}
    </if>
  </select>
  <select id="selectByPrimaryKey" parameterType="java.lang.String" resultMap="BaseResultMap">
    <!--
      WARNING - @mbggenerated
      This element is automatically generated by MyBatis Generator, do not modify.
      This element was generated on Fri Dec 18 10:06:27 GMT+08:00 2015.
    -->
    select 
    <include refid="Base_Column_List" />
    from sys_parameters_v12
    where param_key = #{paramKey,jdbcType=VARCHAR}
  </select>
  <delete id="deleteByPrimaryKey" parameterType="java.lang.String">
    <!--
      WARNING - @mbggenerated
      This element is automatically generated by MyBatis Generator, do not modify.
      This element was generated on Fri Dec 18 10:06:27 GMT+08:00 2015.
    -->
    delete from sys_parameters_v12
    where param_key = #{paramKey,jdbcType=VARCHAR}
  </delete>
  <delete id="deleteByExample" parameterType="com.jihelife.pojo.SysParameterExample">
    <!--
      WARNING - @mbggenerated
      This element is automatically generated by MyBatis Generator, do not modify.
      This element was generated on Fri Dec 18 10:06:27 GMT+08:00 2015.
    -->
    delete from sys_parameters_v12
    <if test="_parameter != null">
      <include refid="Example_Where_Clause" />
    </if>
  </delete>
  <insert id="insert" parameterType="com.jihelife.pojo.SysParameter">
    <!--
      WARNING - @mbggenerated
      This element is automatically generated by MyBatis Generator, do not modify.
      This element was generated on Fri Dec 18 10:06:27 GMT+08:00 2015.
    -->
    insert into sys_parameters_v12 (param_key, param_value, description, 
      param_type, update_time, create_time
      )
    values (#{paramKey,jdbcType=VARCHAR}, #{paramValue,jdbcType=VARCHAR}, #{description,jdbcType=VARCHAR}, 
      #{paramType,jdbcType=CHAR}, #{updateTime,jdbcType=TIMESTAMP}, #{createTime,jdbcType=TIMESTAMP}
      )
  </insert>
  <insert id="insertSelective" parameterType="com.jihelife.pojo.SysParameter">
    <!--
      WARNING - @mbggenerated
      This element is automatically generated by MyBatis Generator, do not modify.
      This element was generated on Fri Dec 18 10:06:27 GMT+08:00 2015.
    -->
    insert into sys_parameters_v12
    <trim prefix="(" suffix=")" suffixOverrides=",">
      <if test="paramKey != null">
        param_key,
      </if>
      <if test="paramValue != null">
        param_value,
      </if>
      <if test="description != null">
        description,
      </if>
      <if test="paramType != null">
        param_type,
      </if>
      <if test="updateTime != null">
        update_time,
      </if>
      <if test="createTime != null">
        create_time,
      </if>
    </trim>
    <trim prefix="values (" suffix=")" suffixOverrides=",">
      <if test="paramKey != null">
        #{paramKey,jdbcType=VARCHAR},
      </if>
      <if test="paramValue != null">
        #{paramValue,jdbcType=VARCHAR},
      </if>
      <if test="description != null">
        #{description,jdbcType=VARCHAR},
      </if>
      <if test="paramType != null">
        #{paramType,jdbcType=CHAR},
      </if>
      <if test="updateTime != null">
        #{updateTime,jdbcType=TIMESTAMP},
      </if>
      <if test="createTime != null">
        #{createTime,jdbcType=TIMESTAMP},
      </if>
    </trim>
  </insert>
  <select id="countByExample" parameterType="com.jihelife.pojo.SysParameterExample" resultType="java.lang.Integer">
    <!--
      WARNING - @mbggenerated
      This element is automatically generated by MyBatis Generator, do not modify.
      This element was generated on Fri Dec 18 10:06:27 GMT+08:00 2015.
    -->
    select count(*) from sys_parameters_v12
    <if test="_parameter != null">
      <include refid="Example_Where_Clause" />
    </if>
  </select>
  <update id="updateByExampleSelective" parameterType="map">
    <!--
      WARNING - @mbggenerated
      This element is automatically generated by MyBatis Generator, do not modify.
      This element was generated on Fri Dec 18 10:06:27 GMT+08:00 2015.
    -->
    update sys_parameters_v12
    <set>
      <if test="record.paramKey != null">
        param_key = #{record.paramKey,jdbcType=VARCHAR},
      </if>
      <if test="record.paramValue != null">
        param_value = #{record.paramValue,jdbcType=VARCHAR},
      </if>
      <if test="record.description != null">
        description = #{record.description,jdbcType=VARCHAR},
      </if>
      <if test="record.paramType != null">
        param_type = #{record.paramType,jdbcType=CHAR},
      </if>
      <if test="record.updateTime != null">
        update_time = #{record.updateTime,jdbcType=TIMESTAMP},
      </if>
      <if test="record.createTime != null">
        create_time = #{record.createTime,jdbcType=TIMESTAMP},
      </if>
    </set>
    <if test="_parameter != null">
      <include refid="Update_By_Example_Where_Clause" />
    </if>
  </update>
  <update id="updateByExample" parameterType="map">
    <!--
      WARNING - @mbggenerated
      This element is automatically generated by MyBatis Generator, do not modify.
      This element was generated on Fri Dec 18 10:06:27 GMT+08:00 2015.
    -->
    update sys_parameters_v12
    set param_key = #{record.paramKey,jdbcType=VARCHAR},
      param_value = #{record.paramValue,jdbcType=VARCHAR},
      description = #{record.description,jdbcType=VARCHAR},
      param_type = #{record.paramType,jdbcType=CHAR},
      update_time = #{record.updateTime,jdbcType=TIMESTAMP},
      create_time = #{record.createTime,jdbcType=TIMESTAMP}
    <if test="_parameter != null">
      <include refid="Update_By_Example_Where_Clause" />
    </if>
  </update>
  <update id="updateByPrimaryKeySelective" parameterType="com.jihelife.pojo.SysParameter">
    <!--
      WARNING - @mbggenerated
      This element is automatically generated by MyBatis Generator, do not modify.
      This element was generated on Fri Dec 18 10:06:27 GMT+08:00 2015.
    -->
    update sys_parameters_v12
    <set>
      <if test="paramValue != null">
        param_value = #{paramValue,jdbcType=VARCHAR},
      </if>
      <if test="description != null">
        description = #{description,jdbcType=VARCHAR},
      </if>
      <if test="paramType != null">
        param_type = #{paramType,jdbcType=CHAR},
      </if>
      <if test="updateTime != null">
        update_time = #{updateTime,jdbcType=TIMESTAMP},
      </if>
      <if test="createTime != null">
        create_time = #{createTime,jdbcType=TIMESTAMP},
      </if>
    </set>
    where param_key = #{paramKey,jdbcType=VARCHAR}
  </update>
  <update id="updateByPrimaryKey" parameterType="com.jihelife.pojo.SysParameter">
    <!--
      WARNING - @mbggenerated
      This element is automatically generated by MyBatis Generator, do not modify.
      This element was generated on Fri Dec 18 10:06:27 GMT+08:00 2015.
    -->
    update sys_parameters_v12
    set param_value = #{paramValue,jdbcType=VARCHAR},
      description = #{description,jdbcType=VARCHAR},
      param_type = #{paramType,jdbcType=CHAR},
      update_time = #{updateTime,jdbcType=TIMESTAMP},
      create_time = #{createTime,jdbcType=TIMESTAMP}
    where param_key = #{paramKey,jdbcType=VARCHAR}
  </update>
</mapper>