<?xml version="1.0" encoding="UTF-8" ?>
<!DOCTYPE mapper PUBLIC "-//mybatis.org//DTD Mapper 3.0//EN" "http://mybatis.org/dtd/mybatis-3-mapper.dtd" >
<mapper namespace="com.jihelife.mapper.UserLoginStatusMapper" >
  <resultMap id="BaseResultMap" type="com.jihelife.pojo.UserLoginStatus" >
    <!--
      WARNING - @mbggenerated
      This element is automatically generated by MyBatis Generator, do not modify.
      This element was generated on Thu Mar 10 12:39:29 GMT+08:00 2016.
    -->
    <id column="uuid" property="uuid" jdbcType="VARCHAR" />
    <result column="uid" property="uid" jdbcType="VARCHAR" />
    <result column="account_name" property="accountName" jdbcType="VARCHAR" />
    <result column="login_time" property="loginTime" jdbcType="TIMESTAMP" />
  </resultMap>
  <sql id="Example_Where_Clause" >
    <!--
      WARNING - @mbggenerated
      This element is automatically generated by MyBatis Generator, do not modify.
      This element was generated on Thu Mar 10 12:39:29 GMT+08:00 2016.
    -->
    <where >
      <foreach collection="oredCriteria" item="criteria" separator="or" >
        <if test="criteria.valid" >
          <trim prefix="(" suffix=")" prefixOverrides="and" >
            <foreach collection="criteria.criteria" item="criterion" >
              <choose >
                <when test="criterion.noValue" >
                  and ${criterion.condition}
                </when>
                <when test="criterion.singleValue" >
                  and ${criterion.condition} #{criterion.value}
                </when>
                <when test="criterion.betweenValue" >
                  and ${criterion.condition} #{criterion.value} and #{criterion.secondValue}
                </when>
                <when test="criterion.listValue" >
                  and ${criterion.condition}
                  <foreach collection="criterion.value" item="listItem" open="(" close=")" separator="," >
                    #{listItem}
                  </foreach>
                </when>
              </choose>
            </foreach>
          </trim>
        </if>
      </foreach>
    </where>
  </sql>
  <sql id="Update_By_Example_Where_Clause" >
    <!--
      WARNING - @mbggenerated
      This element is automatically generated by MyBatis Generator, do not modify.
      This element was generated on Thu Mar 10 12:39:29 GMT+08:00 2016.
    -->
    <where >
      <foreach collection="example.oredCriteria" item="criteria" separator="or" >
        <if test="criteria.valid" >
          <trim prefix="(" suffix=")" prefixOverrides="and" >
            <foreach collection="criteria.criteria" item="criterion" >
              <choose >
                <when test="criterion.noValue" >
                  and ${criterion.condition}
                </when>
                <when test="criterion.singleValue" >
                  and ${criterion.condition} #{criterion.value}
                </when>
                <when test="criterion.betweenValue" >
                  and ${criterion.condition} #{criterion.value} and #{criterion.secondValue}
                </when>
                <when test="criterion.listValue" >
                  and ${criterion.condition}
                  <foreach collection="criterion.value" item="listItem" open="(" close=")" separator="," >
                    #{listItem}
                  </foreach>
                </when>
              </choose>
            </foreach>
          </trim>
        </if>
      </foreach>
    </where>
  </sql>
  <sql id="Base_Column_List" >
    <!--
      WARNING - @mbggenerated
      This element is automatically generated by MyBatis Generator, do not modify.
      This element was generated on Thu Mar 10 12:39:29 GMT+08:00 2016.
    -->
    uuid, uid, account_name, login_time
  </sql>
  <select id="selectByExample" resultMap="BaseResultMap" parameterType="com.jihelife.pojo.UserLoginStatusExample" >
    <!--
      WARNING - @mbggenerated
      This element is automatically generated by MyBatis Generator, do not modify.
      This element was generated on Thu Mar 10 12:39:29 GMT+08:00 2016.
    -->
    select
    <if test="distinct" >
      distinct
    </if>
    'true' as QUERYID,
    <include refid="Base_Column_List" />
    from us_login_status
    <if test="_parameter != null" >
      <include refid="Example_Where_Clause" />
    </if>
    <if test="orderByClause != null" >
      order by ${orderByClause}
    </if>
  </select>
  <select id="selectByPrimaryKey" resultMap="BaseResultMap" parameterType="java.lang.String" >
    <!--
      WARNING - @mbggenerated
      This element is automatically generated by MyBatis Generator, do not modify.
      This element was generated on Thu Mar 10 12:39:29 GMT+08:00 2016.
    -->
    select 
    <include refid="Base_Column_List" />
    from us_login_status
    where uuid = #{uuid,jdbcType=VARCHAR}
  </select>
  <delete id="deleteByPrimaryKey" parameterType="java.lang.String" >
    <!--
      WARNING - @mbggenerated
      This element is automatically generated by MyBatis Generator, do not modify.
      This element was generated on Thu Mar 10 12:39:29 GMT+08:00 2016.
    -->
    delete from us_login_status
    where uuid = #{uuid,jdbcType=VARCHAR}
  </delete>
  <delete id="deleteByExample" parameterType="com.jihelife.pojo.UserLoginStatusExample" >
    <!--
      WARNING - @mbggenerated
      This element is automatically generated by MyBatis Generator, do not modify.
      This element was generated on Thu Mar 10 12:39:29 GMT+08:00 2016.
    -->
    delete from us_login_status
    <if test="_parameter != null" >
      <include refid="Example_Where_Clause" />
    </if>
  </delete>
  <insert id="insert" parameterType="com.jihelife.pojo.UserLoginStatus" >
    <!--
      WARNING - @mbggenerated
      This element is automatically generated by MyBatis Generator, do not modify.
      This element was generated on Thu Mar 10 12:39:29 GMT+08:00 2016.
    -->
    insert into us_login_status (uuid, uid, account_name, 
      login_time)
    values (#{uuid,jdbcType=VARCHAR}, #{uid,jdbcType=VARCHAR}, #{accountName,jdbcType=VARCHAR}, 
      #{loginTime,jdbcType=TIMESTAMP})
  </insert>
  <insert id="insertSelective" parameterType="com.jihelife.pojo.UserLoginStatus" >
    <!--
      WARNING - @mbggenerated
      This element is automatically generated by MyBatis Generator, do not modify.
      This element was generated on Thu Mar 10 12:39:29 GMT+08:00 2016.
    -->
    insert into us_login_status
    <trim prefix="(" suffix=")" suffixOverrides="," >
      <if test="uuid != null" >
        uuid,
      </if>
      <if test="uid != null" >
        uid,
      </if>
      <if test="accountName != null" >
        account_name,
      </if>
      <if test="loginTime != null" >
        login_time,
      </if>
    </trim>
    <trim prefix="values (" suffix=")" suffixOverrides="," >
      <if test="uuid != null" >
        #{uuid,jdbcType=VARCHAR},
      </if>
      <if test="uid != null" >
        #{uid,jdbcType=VARCHAR},
      </if>
      <if test="accountName != null" >
        #{accountName,jdbcType=VARCHAR},
      </if>
      <if test="loginTime != null" >
        #{loginTime,jdbcType=TIMESTAMP},
      </if>
    </trim>
  </insert>
  <select id="countByExample" parameterType="com.jihelife.pojo.UserLoginStatusExample" resultType="java.lang.Integer" >
    <!--
      WARNING - @mbggenerated
      This element is automatically generated by MyBatis Generator, do not modify.
      This element was generated on Thu Mar 10 12:39:29 GMT+08:00 2016.
    -->
    select count(*) from us_login_status
    <if test="_parameter != null" >
      <include refid="Example_Where_Clause" />
    </if>
  </select>
  <update id="updateByExampleSelective" parameterType="map" >
    <!--
      WARNING - @mbggenerated
      This element is automatically generated by MyBatis Generator, do not modify.
      This element was generated on Thu Mar 10 12:39:29 GMT+08:00 2016.
    -->
    update us_login_status
    <set >
      <if test="record.uuid != null" >
        uuid = #{record.uuid,jdbcType=VARCHAR},
      </if>
      <if test="record.uid != null" >
        uid = #{record.uid,jdbcType=VARCHAR},
      </if>
      <if test="record.accountName != null" >
        account_name = #{record.accountName,jdbcType=VARCHAR},
      </if>
      <if test="record.loginTime != null" >
        login_time = #{record.loginTime,jdbcType=TIMESTAMP},
      </if>
    </set>
    <if test="_parameter != null" >
      <include refid="Update_By_Example_Where_Clause" />
    </if>
  </update>
  <update id="updateByExample" parameterType="map" >
    <!--
      WARNING - @mbggenerated
      This element is automatically generated by MyBatis Generator, do not modify.
      This element was generated on Thu Mar 10 12:39:29 GMT+08:00 2016.
    -->
    update us_login_status
    set uuid = #{record.uuid,jdbcType=VARCHAR},
      uid = #{record.uid,jdbcType=VARCHAR},
      account_name = #{record.accountName,jdbcType=VARCHAR},
      login_time = #{record.loginTime,jdbcType=TIMESTAMP}
    <if test="_parameter != null" >
      <include refid="Update_By_Example_Where_Clause" />
    </if>
  </update>
  <update id="updateByPrimaryKeySelective" parameterType="com.jihelife.pojo.UserLoginStatus" >
    <!--
      WARNING - @mbggenerated
      This element is automatically generated by MyBatis Generator, do not modify.
      This element was generated on Thu Mar 10 12:39:29 GMT+08:00 2016.
    -->
    update us_login_status
    <set >
      <if test="uid != null" >
        uid = #{uid,jdbcType=VARCHAR},
      </if>
      <if test="accountName != null" >
        account_name = #{accountName,jdbcType=VARCHAR},
      </if>
      <if test="loginTime != null" >
        login_time = #{loginTime,jdbcType=TIMESTAMP},
      </if>
    </set>
    where uuid = #{uuid,jdbcType=VARCHAR}
  </update>
  <update id="updateByPrimaryKey" parameterType="com.jihelife.pojo.UserLoginStatus" >
    <!--
      WARNING - @mbggenerated
      This element is automatically generated by MyBatis Generator, do not modify.
      This element was generated on Thu Mar 10 12:39:29 GMT+08:00 2016.
    -->
    update us_login_status
    set uid = #{uid,jdbcType=VARCHAR},
      account_name = #{accountName,jdbcType=VARCHAR},
      login_time = #{loginTime,jdbcType=TIMESTAMP}
    where uuid = #{uuid,jdbcType=VARCHAR}
  </update>
</mapper>