<?xml version="1.0" encoding="UTF-8"?>
<configuration scan="true" scanPeriod="60 seconds" debug="false">
    <!--定义日志文件的存储地址 勿在 LogBack 的配置中使用相对路径-->
    <property name="LOG_HOME" value="./log" />
    <property name="APP_NAME" value="spring-boot" />

    <contextName>spring-boot</contextName>

    <!-- 控制台输出 -->
    <appender name="STDOUT" class="ch.qos.logback.core.ConsoleAppender">
        <encoder class="ch.qos.logback.classic.encoder.PatternLayoutEncoder">
            <!--格式化输出：%d表示日期，%thread表示线程名，%-5level：级别从左显示5个字符宽度%msg：日志消息，%n是换行符-->
            <pattern>[%-5level] [%d{yyyy-MM-dd HH:mm:ss.SSS}] [%logger{50}]  [%line] - [%msg]%n</pattern>
        </encoder>
    </appender>
    <!-- 按照每天生成日志文件 -->
    <appender name="FILE"  class="ch.qos.logback.core.rolling.RollingFileAppender">
        <rollingPolicy class="ch.qos.logback.core.rolling.TimeBasedRollingPolicy">
            <!--日志文件输出的文件名-->
            <FileNamePattern>${LOG_HOME}/${APP_NAME}.log.%d{yyyy-MM-dd}.log</FileNamePattern>
            <!--日志文件保留天数-->
            <MaxHistory>30</MaxHistory>
        </rollingPolicy>
        <encoder class="ch.qos.logback.classic.encoder.PatternLayoutEncoder">
            <!--格式化输出：%d表示日期，%thread表示线程名，%-5level：级别从左显示5个字符宽度%msg：日志消息，%n是换行符-->
            <pattern>[%-5level] [%d{yyyy-MM-dd HH:mm:ss.SSS}] [%logger{50}]  [%line] - [%msg]%n</pattern>
            <charset>UTF-8</charset>
        </encoder>
        <!--日志文件最大的大小-->
        <triggeringPolicy class="ch.qos.logback.core.rolling.SizeBasedTriggeringPolicy">
            <MaxFileSize>100MB</MaxFileSize>
        </triggeringPolicy>
    </appender>

    <!-- 日志输出级别：默认的级别，没有特别定义的日志，全部按照此级别控制 -->
    <root level="WARN">
        <appender-ref ref="STDOUT" />
        <appender-ref ref="FILE" />
    </root>

    <!-- jihelife相关的日志级别-->
    <logger name="com.spring" level="DEBUG" />
    <logger name="java.sql.PreparedStatement" level="DEBUG" />
    <logger name="org.apache.ibatis" level="DEBUG" />




</configuration>